Workbook
Name Access: [1]Validation!$E$2:$E$223
Name AccessCircuit: [1]Validation!$C$2:$C$29
Name ACTION: #REF!
Name CoS: [1]Validation!$G$2:$G$47
Name Countries: [1]Validation!$A$2:$A$301
Name DSLCheckService: [1]Validation!$H$2:$H$4
Name Port: [1]Validation!$F$2:$F$40
Name VancoProducts: [1]Validation!$B$2:$B$4

Sheet Cover
B2: TEST CASE
B3: Version: | C3: 1
B4: Issue date: | C4: 21/05/2026
B6: Project Name: | C6: Counpon Management Project
B7: Project Code: | C7: CMP-009
B10: Record of change:
B11: Effective Date | C11: Version | D11: Change location | E11: Change description | F11: Originator | G11: Reviewer/ Approver | H11: Reference
B12: 21/05/2026 | C12: 1.0 | E12: Last change | F12: Truong | H12: CMP "Export for final exam"

Sheet test_snippets_with_auth
A1: TEST CASE
A3: System Name： | B3: Counpon Management Project
A4: Module Code： | B4: CMP-1
A5: Test requirement: | B5: CMP
A6: Pass | B6: =COUNTIF(J12:J34,"Pass") -> 20 | C6: Pending | D6: =COUNTIF(J10:J751,"Pending") -> 0
A7: Fail | B7: =COUNTIF(J12:J34,"Fail") -> 1 | C7: Number of test cases: | D7: 21
A9: ID | B9: Test Case Description | C9: Test Case Procedure | D9: Expected Results | H9: Actual Results | I9: Test date | J9: Status | K9: Note
A12: 1. Đăng kí người dùng
A13: TC1 | B13: Đăng kí thành công | C13: 1: Đăng kí ++ Input: name: truong username: user123 password: aaaa1111 confirm: aaaa1111 | D13: Sau khi đăng kí thành công: Trả về trạng thái 302: Found, và điều hướng tới trang login | I13: 19/05/2026 | J13: Pass
A14: TC2 | B14: Đăng kí thất bại do cofirm password sai | C14: 1: Đăng kí ++ Input: name: truong username: useraaa password: aaaa1111 confirm: aaaa2222 | D14: Trả ra thông báo lỗi "Mật khẩu không khớp" | I14: 19/05/2026 | J14: Pass
A15: TC3 | B15: username đã tồn tại | C15: 1: Đăng kí ++ Input: name: truong username: user123 password: aaaa1111 password: aaaa1111 | D15: Trả ra thông báo lỗi "Tên đăng nhập này đã tồn tại, vui lòng đặt tên khác" | I15: 19/05/2026 | J15: Pass
A16: TC4 | B16: Password quá ngắn, < 8 kí tự | C16: 1: Đăng kí ++ Input: name: truong username: useraaa password: aaaa confirm: aaaa | D16: Trả ra thông báo lỗi "Mật khẩu tối thiểu 8 ký tự" | I16: 19/05/2026 | J16: Pass
A17: TC5 | B17: Password quá dài, > 50 kí tự | C17: 1: Đăng kí ++ Input: name: truong username: useraaa password: aaaaaaaaaaaaaaaaaaaaaaaaaaaaaaaaaaaaaaaaaaaaaaaaaaaaaaaaaaaa password: aaaaaaaaaaaaaaaaaaaaaaaaaaaaaaaaaaaaaaaaaaaaaaaaaaaaaaaaaaaa | D17: Trả ra thông báo lỗi "Mật khẩu không được vượt quá 50 ký tự" | I17: 19/05/2026 | J17: Pass
A18: TC6 | B18: Passwod không chưa kí tự chữ | C18: 1: Đăng kí ++ Input: name: truong username: useraaa password: 11111111 confirm: 11111111 | D18: Trả ra thông báo lỗi "Mật khẩu phải có ít nhất 1 ký tự là chữ" | I18: 19/05/2026 | J18: Pass
A19: TC7 | B19: Passwod không chưa kí tự số | C19: 1: Đăng kí ++ Input: name: truong username: useraaa password: aaaaaaaa confirm: aaaaaaaa | D19: Tả ra thông báo lỗi "Mật khẩu phải có ít nhất 1 ký tự là số" | I19: 19/05/2026 | J19: Pass
A20: TC8 | B20: Username quá ngắn, < 4 kí tự | C20: 1: Đăng kí ++ Input: name: truong username: u1 password: aaaa1111 confirm: aaaa1111 | D20: Trả ra thông báo "Tên đăng nhập phải tối thiểu 4 ký tự" | I20: 19/05/2026 | J20: Pass
A21: TC9 | B21: Username quá dài, > 50 kí tự | C21: 1: Đăng kí ++ Input: name: truong username: aaaaaaaaaaaaaaaaaaaaaaaaaaaaaa111111111111111111111111111 password: 11111111 confirm: 11111111 | D21: Trả ra thông báo "Tên đăng nhập không được vượt quá 50 ký tự" | I21: 19/05/2026 | J21: Pass
A22: TC10 | B22: Name bằng null | C22: 1: Đăng kí ++ Input: name: username: useraaaa password: aaaa1111 confirm: aaaa1111 | D22: Trả ra thông báo lỗi "Không được để trống tên" | I22: 19/05/2026 | J22: Pass
A23: TC11 | B23: Username bằng null | C23: 1: Đăng kí ++ Input: name: truong username: password: aaaa1111 confirm: aaaa1111 | D23: Trả ra thông báo lỗi "Không được để trống tên đăng nhập" | I23: 19/05/2026 | J23: Pass
A24: TC12 | B24: Password bằng null | C24: 1: Đăng kí ++ Input: name: truong username: u1 password: confirm: aaaa1111 | D24: Trả ra thông báo lỗi"Không được để trống mật khẩu" | I24: 19/05/2026 | J24: Pass
A25: TC13 | B25: Đăng kí thành công với avatar upload | C25: 1: Đăng kí ++ Input: name: truong username: userbbb password: aaaa1111 confirm: aaaa1111 | D25: Sau khi đăng kí thành công: Trả về trạng thái 302: Found, và điều hướng tới trang login | I25: 19/05/2026 | J25: Pass
A26: 2. Đăng nhập
A27: TC14 | B27: Đăng nhập thành công | C27: 1: Đăng nhập ++ Input: username: user123 password: aaaa1111 | D27: Sau khi đăng nhập thành công đưa người dùng vào trang chủ "/" | I27: 20/05/2026 | J27: Pass
A28: TC15 | B28: Đăng nhập thành công hiện tên người dùng | C28: 1: Đăng nhập ++ Input: username: user123 password: aaaa1111 | D28: Sau khi đăng nhập thành công sẽ xuất hiện tên người dùng trên navbar: "Username:truong" | I28: 20/05/2026 | J28: Pass
A29: TC16 | B29: Đăng nhập xong sẽ redirect tới trang cũ | C29: 1.Chọn sản phẩm 2. Vào giỏ hàng -> yêu cầu đăng nhập để đặt hàng 3: Đăng nhập-> lúc này Api sẽ là: login?next=/cart ++ Input: username: user123 password: aaaa1111 | D29: Sau khi đăng nhập thành công đưa người dùng trở lại giỏ hàng để đặt hàng | I29: 20/05/2026 | J29: Pass
A30: TC17 | B30: Password sai | C30: 1: Đăng nhập ++ Input: username: user123 password: aaaa2222 | D30: Sau khi đăng nhập thất bại thì sẽ không xuất tên user và đăng xuất trên navbar | I30: 20/05/2026 | J30: Pass
A31: TC18 | B31: Đăng kí thất bại không điều hướng tới trang khác | C31: 1: Đăng nhập ++ Input: username: user123 password: aaaa2222 | D31: Sau khi đăng nhập thất bại thì sẽ giữ nguyên Api | I31: 20/05/2026 | J31: Fail
A32: TC19 | B32: Usernam là rỗng | C32: 1: Đăng nhập ++ Input: username: password: aaaa2222 | D32: Sau khi đăng nhập thất bại thì sẽ không xuất tên user và đăng xuất trên navbar | I32: 20/05/2026 | J32: Pass
A33: TC20 | B33: User đã bị khóa | C33: Ta có user có trường active đã tắt 1: Đăng nhập ++ Input: username: user333 password: aaaa1111 | D33: Sau khi đăng nhập thất bại thì sẽ thông báo "Tài khoản này bị khóa, không đăng nhập được" | I33: 20/05/2026 | J33: Pass
A34: TC21 | B34: Login thành công phải có session | C34: 1: Đăng nhập ++ Input: username user123 password: aaaa1111 | D34: Sau khi login thành công, server tạo session đăng nhập cho user | I34: 20/05/2026 | J34: Pass

Sheet test_snippets_with_cart
A3: System Name： | B3: Counpon Management Project
A4: Module Code： | B4: CMP-2
A5: Test requirement: | B5: CMP
A6: Pass | B6: =COUNTIF(J12:J19,"Pass") -> 5 | C6: Pending | D6: =COUNTIF(J10:J738,"Pending") -> 0
A7: Fail | B7: =COUNTIF(B6:J19,"Fail") -> 0 | C7: Number of test cases: | D7: 5
A9: ID | B9: Test Case Description | C9: Test Case Procedure | D9: Expected Results | H9: Actual Results | I9: Test date | J9: Status | K9: Note
A12: 1. Thêm vào giỏ hàng
A13: TC1 | B13: Thêm sản phẩm vào giỏ hàng | C13: 1: Đăng nhập 2: Chọn sản phẩm 3: Nhấn vào icon giỏ hàng ++Input: - ta có giỏ hàng: "name": "Giày thể thao", "price": 10000, "quantity":1 | D13: Thông tin của giỏ hàng bao gồm: discount_value, total_price, final price, total_quantity | I13: 19/05/2026 | J13: Pass
A14: TC2 | B14: Thêm sản phẩm nhiều lần | C14: 1: Đăng nhập 2: Chọn nhiều sản phẩm cùng lúc 3: Nhấn vào icon giỏ hàng ++Input: - ta có giỏ hàng: "name": "Giày thể thao", "price": 10000, "quantity":10 | D14: Thông tin của giỏ hàng đã tăng lên bao gồm: discount_value, total_price, final price, total_quantity | I14: 19/05/2026 | J14: Pass
A15: 2. Cập nhật giỏ hàng
A16: TC3 | B16: Cập nhật chi tiết 1 đơn hàng | C16: 1: Đăng nhập 2: Chọn nhiều sản phẩm cùng lúc 3: Nhấn vào icon giỏ hàng ++Input: - ta có giỏ hàng: "name": "Giày thể thao", "price": 10000, "quantity":1 ta tăng quantity lên 5 | D16: Các tham số của giỏ hàng phải tăng lên: "discount_value": 0, "final_price": 50000, "total_price": 50000, "total_quantity": 5 | I16: 19/05/2026 | J16: Pass
A17: TC4 | B17: Cập nhật chi tiết 1 đơn hàng với số lương sản phẩm <= 0 | C17: 1: Đăng nhập 2: Chọn nhiều sản phẩm cùng lúc 3: Nhấn vào icon giỏ hàng ++Input: - ta có giỏ hàng: "name": "Giày thể thao", "price": 10000, "quantity":1 ta giảm quantity < 0 | D17: Trả ra error status là 400 và các tham số ủa giỏ hàng vẫn giữ nguyên | I17: 19/05/2026 | J17: Pass
A18: 3. Xóa giỏ hàng
A19: TC5 | B19: Xóa 1 đơn hàng ra khỏi giỏ hàng | C19: 1: Đăng nhập 2: Chọn sản phẩm 3: Nhấn vào icon giỏ hàng ++Input: - ta có giỏ hàng có 1 đơn hàng : "name": "Giày thể thao", "price": 10000, "quantity":1 ta xóa đơn hàng bằng click vaod icon x | D19: Các tham số của giỏ hàng phải giảm xuống : "discount_value": 0, "final_price": 0, "total_price": 0, "total_quantity": 0 | I19: 19/05/2026 | J19: Pass

Sheet test_snippets_with_apply_coupon
A3: System Name： | B3: Counpon Management Project
A4: Module Code： | B4: CMP-3
A5: Test requirement: | B5: CMP-3
A6: Pass | B6: =COUNTIF(J12:J27,"Pass") -> 11 | C6: Pending | D6: =COUNTIF(J10:J744,"Pending") -> 0
A7: Fail | B7: =COUNTIF(J12:J27,"Fail") -> 1 | C7: Number of test cases: | D7: 12
A9: ID | B9: Test Case Description | C9: Test Case Procedure | D9: Expected Results | H9: Actual Results | I9: Test date | J9: Status | K9: Note
A12: 1. Cần đăng nhập để áp dụng mã giảm giá
A13: TC1 | B13: Không thể sử dụng mã giảm giá khi chưa đăng nhập | C13: 1: Thêm hàng vào giỏ hàng 2: Nhấn vào icon giỏ hàng 3: Chọn mã giảm giá ++Input: - ta có giỏ hàng: "name": "Quần dai", "price": 40000, "quantity":1 - mà giảm giá là: "code": "SALE10 " | D13: Trả ra thông báo là "Đăng nhập để có thể sử dụng mã giảm giá" | I13: 18/05/2026 | J13: Pass
A14: 2. Áp dụng mã giảm giá thành công
A15: TC2 | B15: Status code khi áp dụng mã giảm giá | C15: 1: Đăng nhập 2: Thêm hàng vào giỏ hàng 3: Nhấn vào icon giỏ hàng 4: Chọn mã giảm giá nếu có ++Input: - ta có giỏ hàng: "name": "Áo sơ mi", "price": 40000, "quantity":3 - mã giảm giá là: "code": "SALE10 ", "discount_value": 10000 | D15: Trả ra trạng thái code là 200 khi áp dụng mã thành công | I15: 18/05/2026 | J15: Pass
A16: TC3 | B16: Số lượng sản phẩm khi áp dụng mã giảm giá | C16: 1: Đăng nhập 2: Thêm hàng vào giỏ hàng 3: Nhấn vào icon giỏ hàng 4: Chọn mã giảm giá nếu có ++Input: - ta có giỏ hàng: "name": "Áo sơ mi", "price": 40000, "quantity":3 - mã giảm giá là: "code": "SALE10 ", "discount_value": 10000 | D16: Số lượng sản phẩm phải là 3 sau khi áp dụng mã giảm giá | I16: 18/05/2026 | J16: Pass
A17: TC4 | B17: Giá đơn hàng sau khi áp dụng mã giảm giá | C17: 1: Đăng nhập 2: Thêm hàng vào giỏ hàng 3: Nhấn vào icon giỏ hàng 4: Chọn mã giảm giá nếu có ++Input: - ta có giỏ hàng: "name": "Áo sơ mi", "price": 40000, "quantity":3 - mã giảm giá là: "code": "SALE10 ", "discount_value": 10000 | D17: Giá đơn hàng sau khi áp dụng mã giảm giá phải giamr từ: 120000 -10000 =110000 | I17: 18/05/2026 | J17: Pass
A18: TC5 | B18: Giá trị giảm của mã giảm giá | C18: 1: Đăng nhập 2: Thêm hàng vào giỏ hàng 3: Nhấn vào icon giỏ hàng 4: Chọn mã giảm giá nếu có ++Input: - ta có giỏ hàng: "name": "Áo sơ mi", "price": 40000, "quantity":3 - mã giảm giá là: "code": "SALE10 ", "discount_value": 10000 | D18: Giá trị giảm của mã giảm giá là 10000 | I18: 18/05/2026 | J18: Pass
A19: TC6 | B19: Gỡ mã giảm giá | C19: 1: Đăng nhập 2: Thêm hàng vào giỏ hàng 3: Nhấn vào icon giỏ hàng 4: gỡ mã giảm giá - mã giảm giá là: "code": "no" | D19: Trả ra discount value phải là 0 sau khi gỡ | I19: 18/05/2026 | J19: Pass
A20: 3. Áp dụng mã giảm giá không thành công
A21: TC7 | B21: Mã giảm giá hết hạn | C21: 1: Đăng nhập 2: Thêm hàng vào giỏ hàng 3: Nhấn vào icon giỏ hàng 4: Chọn mã giảm giá nếu có ++Input: - ta có giỏ hàng: "name": "Váy ngắn", "price": 20000, "quantity":1 - Giả sử ta có mã giảm giá đã hết hạn là: "code": "EXPIRE10" | D21: Trả ra thông báo mã giảm giá đã hết hạn | I21: 18/05/2026 | J21: Pass
A22: TC8 | B22: Sử dụng mã giảm giá khi chưa cấp quyền | C22: 1: Đăng nhập 2: Thêm hàng vào giỏ hàng 3: Nhấn vào icon giỏ hàng 4: Chọn mã giảm giá nếu có ++Input: - ta có giỏ hàng: "name": "Váy ngắn", "price": 20000, "quantity":1 - Giả sử ta có 1 mã giảm giá mà user chưa được phép sử dụng: SALE15P | D22: Trả ra thông báo " Bạn chưa được cấp quyền sử dụng mã giảm giá này" | I22: 19/05/2026 | J22: Pass
A23: TC9 | B23: Sử dụng mã giảm giá vượt số lần cho phép | C23: 1: Đăng nhập 2: Thêm hàng vào giỏ hàng 3: Nhấn vào icon giỏ hàng 4: Chọn mã giảm giá nếu có ++Input: - ta có giỏ hàng: "name": "Váy ngắn", "price": 20000, "quantity":1 - Giả sử ta có 1 mã giảm giá vượt số lần cho phép: SALE0 | D23: Trả ra thông báo "Mã giảm giá đã dùng quá số lần cho phép" | I23: 19/05/2026 | J23: Pass
A24: TC10 | B24: Áp dụng mã giảm giá khi chưa có giỏ hàng | C24: Xóa hết đơn hàng trong giỏ hàng đang tồn tại. Sau đó gọi Api áp dụng mã giảm giá | D24: Trả ra lỗi với thông báo là "Giỏ hàng không tồn tại" | I24: 19/05/2026 | J24: Pass
A25: 3. Đặt hàng
A26: TC11 | B26: Đặt hành thành công | C26: Ta có: Giỏ hàng với đơn hàng đã áp dụng mã giảm giá thành công như TC2 | D26: Trả ra trạng thái code là 200 khi đặt hàng thành công | I26: 19/05/2026 | J26: Pass
A27: TC12 | B27: Đặt hàng thất bại khi áp dụng nhiều mã giảm giá cho 1 đơn hàng | C27: 1. Ta có giỏ hàng 2. Áp dụng mà giảm giá cho đơn hàng 3. Đặt hàng thành công như TC10 4. Gọi Api tới đơn hàng đó rồi đặt hàng lại với 1 nã giảm giá khác | D27: Trả ra thông báo "Đơn hàng này đã được áp dụng mã giảm giá từ trước" | I27: 19/05/2026 | J27: Fail

Sheet test_snippets_with_admin
A3: System Name： | B3: Counpon Management Project
A4: Module Code： | B4: CMP-4
A5: Test requirement: | B5: CMP
A6: Pass | B6: =COUNTIF(J12:J26,"Pass") -> 9 | C6: Pending | D6: =COUNTIF(J10:J743,"Pending") -> 0
A7: Fail | B7: =COUNTIF(J12:J26,"Fail") -> 4 | C7: Number of test cases: | D7: 13
A9: ID | B9: Test Case Description | C9: Test Case Procedure | D9: Expected Results | H9: Actual Results | I9: Test date | J9: Status | K9: Note
A12: 1. Tạo mã giảm giá
A13: TC1 | B13: Chỉ admin mới được tạo mã giảm giá | C13: 1: Đăng nhập với user không có quyền admin 2: Truy cập vào Api: /admin/coupon/new ++Input: - ta có user : username: user123 password: aaaa1111 | D13: Trả ra 1 trong các thông báo sau: "Đăng nhập để có thể truy cập vào trang này", "Không có quyền truy cập trang hay chức năng này" | I13: 20/05/2026 | J13: Pass
A14: TC2 | B14: Tạo mã giảm giá thành công | C14: 1: Đăng nhập với user có quyền admin 2: Truy cập vào Api: /admin/coupon/new ++ Input: code: SALE60 value: 20000 coupon_type: FIXED expiry_date: 2026-12-30 10:00:00 | D14: Trả ra trạng thái 200 khi tạo thành công và trả về đúng dữ liêu đã tao | I14: 20/05/2026 | J14: Pass
A15: TC3 | B15: Mã giảm giá đã tồn tại | C15: 1: Đăng nhập với user có quyền admin 2: Truy cập vào Api: /admin/coupon/new ++ Input: code: SALE60 value: 20000 coupon_type: FIXED expiry_date: 2026-12-30 10:00:00 | D15: Trả về thông báo lỗi "Mã phiếu giảm này đã tồn tại" và mã giảm giá không được tạo | I15: 20/05/2026 | J15: Pass
A16: TC4 | B16: Kiểm tra ngày hết hạn nhỏ hơn hiện tại | C16: 1: Đăng nhập với user có quyền admin 2: Truy cập vào Api: /admin/coupon/new ++ Input: code: EXPIRE0 value: 20000 coupon_type: FIXED expiry_date: 2026-05-20 23:00:00 (đã hết hạn) | D16: Trả ra thông báo lỗi "Thời hạn sử dụng phải sau ngày giờ hiện tại" và mã giảm giá không được tạo | I16: 20/05/2026 | J16: Pass
A17: TC5 | B17: Thời gian hiệu lực phải >= ngày hiện tại. | C17: 1: Đăng nhập với user có quyền admin 2: Truy cập vào Api: /admin/coupon/new ++ Input: code: SALE1DAY value: 20000 coupon_type: FIXED expiry_date: 2026-05-21 01:00:00 | D17: Trả ra thông báo lỗi "Thời hạn sử dụng phải lớn hơn ít nhất 1 ngày" và mã giảm giá không được tạo | I17: 20/05/2026 | J17: Pass
A18: TC6 | B18: Giá trị giame của mã giảm giá phải lớn hơn 0 | C18: 1: Đăng nhập với user có quyền admin 2: Truy cập vào Api: /admin/coupon/new ++ Input: code: VALUE0 value: 0 coupon_type: FIXED expiry_date: 2026-12-30 10:00:00 | D18: Trả ra thông báo lỗi "Giá trị giảm phải lớn hơn 0" và mã giảm giá không được tạo | I18: 20/05/2026 | J18: Pass
A19: TC7 | B19: Gái tri giảm của số tiền (FIXED) không được vượt quá 500000 | C19: 1: Đăng nhập với user có quyền admin 2: Truy cập vào Api: /admin/coupon/new ++ Input: code: SALE500 value: 600000 coupon_type: FIXED expiry_date: 2026-12-30 10:00:00 | D19: Trả ra thông báo lỗi "Không được vượt quá 500.000 VND" và mã giảm giá không được tạo | I19: 20/05/2026 | J19: Fail
A20: TC8 | B20: Gái tri giảm của số tiền (FIXED) không được nhỏ hơn 1000 | C20: 1: Đăng nhập với user có quyền admin 2: Truy cập vào Api: /admin/coupon/new ++ Input: code: SALE1 value: 10 coupon_type: FIXED expiry_date: 2026-12-30 10:00:00 | D20: Trả ra thông báo lỗi "Mệnh giá này không tồn tại" và mã giảm giá không được tạo | I20: 20/05/2026 | J20: Fail
A21: TC9 | B21: Gái tri giảm theo % (VARIABLE) không được nhỏ hơn 1% | C21: 1: Đăng nhập với user có quyền admin 2: Truy cập vào Api: /admin/coupon/new ++ Input: code: VARIABLE1 value: 0.5 coupon_type: VARIABLE expiry_date: 2026-12-30 10:00:00 | D21: Trả ra thông báo lỗi "Phiếu giảm giá với hình thức % không được nhỏ hơn 1%" và mã giảm giá không được tạo | I21: 20/05/2026 | J21: Fail
A22: TC10 | B22: Gái tri giảm theo % (VARIABLE) không vượt qua 50% | C22: 1: Đăng nhập với user có quyền admin 2: Truy cập vào Api: /admin/coupon/new ++ Input: code: VARIABLE60 value: 60 coupon_type: VARIABLE expiry_date: 2026-12-30 10:00:00 | D22: Trả ra thông báo lỗi "Phiếu giảm giá với hình thức % không được vượt quá 50%" và mã giảm giá không được tạo | I22: 20/05/2026 | J22: Fail
A23: 2. Xóa mã giảm giá
A24: TC11 | B24: Chỉ admin mới được huỷ coupon | C24: 1: Đăng nhập với user không có quyền admin 2: Truy cập vào Api: /admin/coupon/action ++ Input: action: delete rowid: 14 | D24: Trả ra 1 trong các thông báo sau: "Đăng nhập để có thể truy cập vào trang này", "Không có quyền truy cập trang hay chức năng này" | I24: 21/05/2026 | J24: Pass | K24: Vì ta dung Flask- admin để hủy mã giảm giá nên theo cơ chế bulk action nên sẽ có 1 endpoint chung là /admin/coupon/action sau đó server sẽ doc: action: delete thực hiện hành động "delete" rowid: thao tác lên coupon có id nào
A25: TC12 | B25: Hủy mã giảm giá thành công | C25: 1: Đăng nhập với user có quyền admin 2: Truy cập vào Api: /admin/coupon/action ++ Input: action: delete rowid: 14 { id: 14 , code: VAR1, value: 0.5, coupon_type: VARIABLE, expire_day: 2026-05-29 23:30:00} | D25: Trả ra trạng thái code 200 hủy thành công và trường active của coupon đó đã tắt | I25: 21/05/2026 | J25: Pass | K25: “huỷ thành công” thực chất là: coupon.active chuyển từ True -> False chứ không phải xoá record khỏi database.
A26: TC13 | B26: Mã giảm giá vẫn còn đơn hàng đang xử lý | C26: 1: Đăng nhập với user có quyền admin 2: Truy cập vào Api: /admin/coupon/action ++ Input: action: delete rowid: 7 { id: 7 , code: SALE30, value: 15000, coupon_type: FIXED, expire_day: 2026-12-30 10:00:00} | D26: Trả ra thông báo lỗi "Không thể xóa mã giảm giá này, vì vẫn đang tồn tại đơn hàng đang xử lý" | I26: 21/05/2026 | J26: Pass

Sheet test_snippets_with_payment
A3: System Name： | B3: Counpon Management Project
A4: Module Code： | B4: CMP-5
A5: Test requirement: | B5: CMP
A6: Pass | B6: =COUNTIF(J12:J15,"Pass") -> 3 | C6: Pending | D6: =COUNTIF(J10:J734,"Pending") -> 0
A7: Fail | B7: =COUNTIF(B6:J15,"Fail") -> 0 | C7: Number of test cases: | D7: 3
A9: ID | B9: Test Case Description | C9: Test Case Procedure | D9: Expected Results | H9: Actual Results | I9: Test date | J9: Status | K9: Note
A12: 1. Thanh toán bằng stripe
A13: TC1 | B13: Yêu cầu đăng nhập để thanh toán | C13: 1. Chưa đăng nhập ++Input: Ta có đơn hàng có id là 13: Api: /payment/13 | D13: Trả ra thông báo lỗi "Đăng nhập để có thể thanh toán" và trạng thái là 401 | I13: 21/05/2026 | J13: Pass
A14: TC2 | B14: Tạo checkout session thành công | C14: 1: Đăng nhập 2: Truy cập vào đơn hàng 3: Chọn đơn hàng cần thanh toán ++Input: - ta có đơn hàng có id là 13: Api: /payment/13 | D14: Điều hướng màn hình hiện đến url: https://checkout.stripe.com (vd: phần note) | I14: 21/05/2026 | J14: Pass
A15: TC3 | B15: Xử lý lỗi stripe | C15: 1: Đăng nhập 2: Truy cập vào đơn hàng 3: Chọn đơn hàng cần thanh toán ++Input: VD: Để xảy ra lỗi, ta thay đổi STRIPE_SECRET_KEY=abcxyz trong file env - ta có đơn hàng có id là 13: Api: /payment/13 | D15: Trả ra lỗi server 500 và error:"" | I15: 21/05/2026 | J15: Pass

Sheet test_sel_with_search_and_auth
A3: System Name： | B3: Counpon Management Project
A4: Module Code： | B4: CMP-6
A5: Test requirement: | B5: CMP
A6: Pass | B6: =COUNTIF(I12:I18,"Pass") -> 5 | C6: Pending | D6: =COUNTIF(J10:J732,"Pending") -> 0
A7: Fail | B7: =COUNTIF(I13:I18,"Fail") -> 0 | C7: Number of test cases: | D7: 5
A9: ID | B9: Test Case Description | C9: Test Case Procedure | D9: Expected Results | G9: Actual Results | H9: Test date | I9: Status | J9: Note
A11: 1. Kiểm thử UI - Chức năng Xác thực và Tìm kiếm
A12: Check set: Người dùng tìm kiếm và đăng nhập
A13: TC1 | B13: Tìm kiếm sản phẩm bằng từ khóa không dấu | C13: 1. Truy cập trang chủ. 2. Nhập từ khóa 'ao' (không dấu) vào thanh tìm kiếm. 3. Bấm nút TÌM KIẾM. | D13: Hệ thống hiển thị danh sách sản phẩm có chứa từ khóa tương ứng (VD: 'áo'). | H13: 46361 | I13: Pass
A14: TC2 | B14: Đăng nhập thành công với tài khoản hợp lệ | C14: 1. Mở trang Đăng nhập. 2. Nhập username = 'user1' và password = 'aaaa1111'. 3. Bấm Đăng nhập. | D14: Hệ thống điều hướng về trang chủ và hiển thị tên người dùng trên thanh Navbar. | H14: 46361 | I14: Pass
A15: TC3 | B15: Tự động quay lại trang Giỏ hàng sau khi đăng nhập | C15: 1. Cố gắng truy cập URL /cart khi chưa đăng nhập. 2. Bị văng ra trang Login, nhập thông tin đăng nhập hợp lệ. | D15: Hệ thống không đưa về trang chủ mà điều hướng trở lại đúng trang /cart. | H15: 46361 | I15: Pass
A16: Check set: Người dùng đăng ký tài khoản mới
A17: TC4 | B17: Bắt lỗi xác nhận mật khẩu không khớp | C17: 1. Mở trang Đăng ký. 2. Nhập password = '123456' và confirm = '654321'. 3. Bấm Đăng ký. | D17: Trình duyệt hiển thị cảnh báo lỗi 'mật khẩu không khớp' màu đỏ trên màn hình. | H17: 16-05-2026 | I17: Pass
A18: TC5 | B18: Đăng ký thành công tài khoản mới | C18: 1. Mở trang Đăng ký. 2. Nhập thông tin đăng ký hoàn toàn hợp lệ (không trùng username). 3. Bấm Đăng ký. | D18: Hệ thống chuyển hướng trình duyệt sang trang Đăng nhập (/login). | H18: 16-05-2026 | I18: Pass

Sheet test_sel_with_cart_and_coupon
A3: System Name： | B3: Counpon Management Project
A4: Module Code： | B4: CMP-7
A5: Test requirement: | B5: CMP
A6: Pass | B6: =COUNTIF(I13:I16,"Pass") -> 4 | C6: Pending | D6: =COUNTIF(J10:J732,"Pending") -> 0
A7: Fail | B7: =COUNTIF(I13:I17,"Fail") -> 0 | C7: Number of test cases: | D7: 4
A9: ID | B9: Test Case Description | C9: Test Case Procedure | D9: Expected Results | G9: Actual Results | H9: Test date | I9: Status | J9: Note
A11: 2. Kiểm thử UI - Giỏ hàng và Mã giảm giá
A12: Check set: Người dùng thao tác với mã giảm giá
A13: TC6 | B13: Áp dụng mã giảm giá hợp lệ | C13: 1. Thêm một sản phẩm vào giỏ hàng. 2. Mở trang Giỏ hàng. 3. Chọn mã giảm giá 'SALE10' từ danh sách. | D13: Giao diện tự động cập nhật số tiền giảm là '10,000' và tổng thanh toán thay đổi. | H13: 19-05-2026 | I13: Pass
A14: TC7 | B14: Áp dụng mã đã vượt quá giới hạn lượt dùng | C14: 1. Mở trang Giỏ hàng có sản phẩm. 2. Chọn mã giảm giá 'SALE20' (mã đã cạn kiệt lượt dùng) | D14: Trình duyệt cảnh báo chứa nội dung "quá số lần". | H14: 19-05-2026 | I14: Pass
A15: TC8 | B15: Áp dụng mã giảm giá đã hết hạn | C15: 1. Mở trang Giỏ hàng có sản phẩm. 2. Chọn mã giảm giá 'SALE15P' (mã có expiry_date trong quá khứ). | D15: Trình duyệt cảnh báo chứa nội dung "hết hạn". | H15: 19-05-2026 | I15: Pass
A16: TC9 | B16: Gỡ bỏ mã giảm giá khỏi giỏ hàng | C16: 1. Chọn mã giảm giá hợp lệ 'SALE10'. Chờ áp dụng xong. 2. Chuyển lựa chọn sang "Không áp dụng". | D16: Giao diện lập tức reset số tiền giảm giá về giá trị '0'. | H16: 19-05-2026 | I16: Pass

Sheet test_sel_order_and_payment
A3: System Name： | B3: Counpon Management Project
A4: Module Code： | B4: CMP-8
A5: Test requirement: | B5: CMP
A6: Pass | B6: =COUNTIF(I13:I14,"Pass") -> 2 | C6: Pending | D6: =COUNTIF(J10:J734,"Pending") -> 0
A7: Fail | B7: =COUNTIF(I13:I14,"Fail") -> 0 | C7: Number of test cases: | D7: 2
A9: ID | B9: Test Case Description | C9: Test Case Procedure | D9: Expected Results | G9: Actual Results | H9: Test date | I9: Status | J9: Note
A11: 3. Kiểm thử UI - Đặt hàng và Thanh toán
A12: Check set: Người dùng xác nhận thanh toán
A13: TC10 | B13: Đặt hàng thành công | C13: 1. Có sản phẩm trong giỏ, bấm Đặt hàng. 2. Nhấn OK (Accept) để đồng ý 2 popup xác nhận của trình duyệt. | D13: Trình duyệt hiển thị thông báo "thành công", giao diện giỏ hàng bị dọn sạch (trống). | H13: 20-05-2026 | I13: Pass
A14: TC11 | B14: Chuyển hướng sang cổng thanh toán Stripe | C14: 1. Mở trang Lịch sử đơn hàng. 2. Tìm đơn hàng đầu tiên và bấm nút Thanh Toán (Màu xanh). | D14: Trình duyệt bị đá văng (chuyển hướng) sang tên miền của Stripe (stripe.com). | H14: 20-05-2026 | I14: Pass

Sheet test_sel_with_admin
A3: System Name： | B3: Counpon Management Project
A4: Module Code： | B4: CMP-9
A5: Test requirement: | B5: CMP
A6: Pass | B6: =COUNTIF(I13:I14,"Pass") -> 2 | C6: Pending | D6: =COUNTIF(J10:J734,"Pending") -> 0
A7: Fail | B7: =COUNTIF(I13:I14,"Fail") -> 0 | C7: Number of test cases: | D7: 2
A9: ID | B9: Test Case Description | C9: Test Case Procedure | D9: Expected Results | G9: Actual Results | H9: Test date | I9: Status | J9: Note
A11: 4. Kiểm thử UI - Giao diện Quản trị viên (Admin)
A12: Check set: Admin tương tác với dữ liệu mã giảm giá
A13: TC12 | B13: Admin tạo mã giảm giá mới | C13: 1. Đăng nhập quyền Admin. 2. Mở form thêm mới mã giảm giá. 3. Tạo dữ liệu (code, value, expiry_date) và sử dụng click nút Save bằng Javascrip | D13: Trình duyệt không báo lỗi và tự động trở về trang danh sách /admin/coupon/. | H13: 17-05-2026 | I13: Pass
A14: TC13 | B14: Admin xóa mã giảm giá ở danh sách | C14: Giao diện tải lại, URL giữ nguyên trạng thái ở /admin/coupon/. | D14: Trình duyệt bị đá văng (chuyển hướng) sang tên miền của Stripe (stripe.com). | H14: 17-05-2026 | I14: Pass

Sheet Test Report
A1: TEST REPORT
B3: Note:
B4: Date | C4: 21/05/2026
B7: No | C7: Module code | D7: Pass | E7: Fail | F7: Pending | G7: Number of test cases
B8: 1 | C8: =test_snippets_with_auth!B4 -> CMP-1 | D8: =test_snippets_with_auth!B6 -> 20 | E8: =test_snippets_with_auth!B7 -> 1 | F8: 0 | G8: =test_snippets_with_auth!D7 -> 21
B9: 2 | C9: =test_snippets_with_cart!B4 -> CMP-2 | D9: =test_snippets_with_cart!B6 -> 5 | E9: =test_snippets_with_cart!B7 -> 0 | F9: 0 | G9: =test_snippets_with_cart!D7 -> 5
B10: 3 | C10: =test_snippets_with_apply_coupon!B4 -> CMP-3 | D10: =test_snippets_with_apply_coupon!B6 -> 11 | E10: =test_snippets_with_apply_coupon!B7 -> 1 | F10: 0 | G10: =test_snippets_with_apply_coupon!D7 -> 12
B11: 4 | C11: =test_snippets_with_admin!B4 -> CMP-4 | D11: =test_snippets_with_admin!B6 -> 9 | E11: =test_snippets_with_admin!B7 -> 4 | F11: 0 | G11: =test_snippets_with_admin!D7 -> 13
B12: 5 | C12: =test_snippets_with_payment!B4 -> CMP-5 | D12: =test_snippets_with_payment!B6 -> 3 | E12: =test_snippets_with_payment!B7 -> 0 | F12: 0 | G12: =test_snippets_with_payment!D7 -> 3
B13: 6 | C13: =test_sel_with_search_and_auth!B4 -> CMP-6 | D13: =test_sel_with_search_and_auth!B6 -> 5 | E13: =test_sel_with_search_and_auth!B7 -> 0 | F13: 0 | G13: =test_sel_with_search_and_auth!D7 -> 5
B14: 7 | C14: =test_sel_with_cart_and_coupon!B4 -> CMP-7 | D14: =test_sel_with_cart_and_coupon!B6 -> 4 | E14: =test_sel_with_cart_and_coupon!B7 -> 0 | F14: 0 | G14: =test_sel_with_cart_and_coupon!D7 -> 4
B15: 8 | C15: =test_sel_order_and_payment!B4 -> CMP-8 | D15: =test_sel_order_and_payment!B6 -> 2 | E15: =test_sel_order_and_payment!B7 -> 0 | F15: 0 | G15: =test_sel_order_and_payment!D7 -> 2
B16: 9 | C16: =test_sel_with_admin!B4 -> CMP-9 | D16: =test_sel_with_admin!B6 -> 2 | E16: =test_sel_with_admin!B7 -> 0 | F16: 0 | G16: =test_sel_with_admin!D7 -> 2
C17: Sub total | D17: =SUM(D6:D16) -> 61 | E17: 6 | F17: =SUM(F6:F10) -> 0 | G17: =SUM(G6:G16) -> 67
C19: Test coverage | E19: =(D17+E17)*100/G17 -> 100 | F19: %
C20: Test successful coverage | E20: =D17*100/G17 -> 91.044776 | F20: %
